{
  "(0, 4, 4)": 227.75260416666688,
  "(0, 7, 7)": 224.87239583333343,
  "(4, 7, 3)": 279.70833333333366,
  "(0, 0, 0)": 285.61979166666674,
  "(4, 0, 8)": 133.59375,
  "(4, 4, 0)": 266.5989583333336,
  "(0, 2, 2)": 224.30208333333326,
  "(0, 9, 9)": 164.86458333333323,
  "(2, 9, 7)": 183.14322916666666,
  "(2, 2, 0)": 211.37500000000014,
  "(0, 5, 5)": 244.94140625,
  "(2, 5, 3)": 333.16536458333326,
  "(11, 2, 3)": 279.1432291666671,
  "(11, 7, 8)": 125.55989583333319,
  "(2, 7, 5)": 164.54166666666669,
  "(11, 5, 6)": 125.72135416666667,
  "(4, 9, 5)": 194.4479166666671,
  "(0, 6, 6)": 120.02343749999994,
  "(2, 6, 4)": 224.22135416666694,
  "(11, 0, 1)": 147.92447916666643,
  "(11, 4, 5)": 261.1640625000004,
  "(9, 0, 3)": 292.1354166666671,
  "(9, 4, 7)": 193.98697916666697,
  "(9, 7, 10)": 80.91666666666669,
  "(9, 2, 5)": 215.23697916666657,
  "(9, 6, 9)": 238.7786458333335,
  "(2, 0, 10)": 84.37890625,
  "(7, 11, 4)": 181.01041666666646,
  "(7, 2, 7)": 183.58203125,
  "(7, 7, 0)": 184.1328125,
  "(11, 11, 0)": 315.81510416666674,
  "(7, 10, 3)": 356.0703125,
  "(7, 4, 9)": 183.9999999999999,
  "(10, 4, 6)": 123.36458333333331,
  "(10, 7, 9)": 212.63802083333323,
  "(7, 1, 6)": 134.1901041666666,
  "(10, 1, 3)": 416.84375000000017,
  "(5, 9, 4)": 250.95182291666666,
  "(5, 2, 9)": 234.15885416666677,
  "(9, 9, 0)": 227.16927083333354,
  "(5, 8, 3)": 412.2708333333334,
  "(8, 2, 6)": 133.27343749999994,
  "(5, 5, 0)": 269.13411458333326,
  "(8, 5, 9)": 252.54427083333331,
  "(5, 11, 6)": 125.53645833333337,
  "(8, 11, 3)": 441.4036458333335,
  "(7, 0, 5)": 207.11718749999994,
  "(4, 5, 1)": 146.14843750000014,
  "(5, 0, 7)": 243.43229166666666,
  "(2, 11, 9)": 179.98177083333326,
  "(7, 5, 10)": 85.8515625,
  "(0, 10, 10)": 116.50260416666666,
  "(5, 4, 11)": 22.494791666666664,
  "(6, 0, 6)": 132.80729166666657,
  "(6, 9, 3)": 364.09635416666634,
  "(6, 3, 9)": 311.1861979166668,
  "(0, 3, 3)": 365.3333333333333,
  "(8, 0, 4)": 312.7109375,
  "(5, 7, 2)": 246.14713541666683,
  "(7, 3, 8)": 218.05078125000014,
  "(7, 9, 2)": 249.122395833334,
  "(3, 9, 6)": 126.15104166666666,
  "(3, 0, 9)": 254.1471354166667,
  "(7, 6, 11)": 30.395833333333314,
  "(3, 6, 3)": 460.6328124999998,
  "(0, 11, 11)": 28.24479166666666,
  "(6, 2, 8)": 145.41666666666657,
  "(4, 2, 10)": 87.02604166666674,
  "(6, 4, 10)": 115.20052083333321,
  "(9, 11, 2)": 253.36718750000003,
  "(4, 11, 7)": 232.78645833333363,
  "(2, 4, 2)": 212.85416666666748,
  "(4, 10, 6)": 149.08072916666666,
  "(10, 2, 4)": 285.48697916666674,
  "(10, 5, 7)": 300.6484375,
  "(9, 5, 8)": 149.7018229166667,
  "(1, 9, 8)": 170.1171874999999,
  "(1, 7, 6)": 120.66927083333327,
  "(11, 9, 10)": 105.19010416666656,
  "(4, 6, 2)": 302.1484374999999,
  "(11, 6, 7)": 283.00000000000034,
  "(6, 11, 5)": 280.2265625000002,
  "(2, 8, 6)": 144.68489583333337,
  "(4, 8, 4)": 309.56250000000006,
  "(6, 6, 0)": 299.2656250000002,
  "(6, 8, 2)": 386.5781250000005,
  "(8, 9, 1)": 208.02864583333323,
  "(11, 8, 9)": 269.6822916666666,
  "(9, 8, 11)": 39.83333333333332,
  "(8, 4, 8)": 229.54947916666677,
  "(0, 8, 8)": 210.54166666666669,
  "(4, 1, 9)": 266.4322916666667,
  "(1, 4, 3)": 415.24739583333326,
  "(9, 10, 1)": 169.66927083333343,
  "(5, 1, 8)": 236.49479166666663,
  "(1, 5, 4)": 314.97656249999966,
  "(9, 1, 4)": 274.6484375,
  "(1, 2, 1)": 163.52604166666686,
  "(6, 7, 1)": 148.75520833333314,
  "(2, 10, 8)": 189.79947916666669,
  "(10, 0, 2)": 290.2916666666666,
  "(2, 1, 11)": 35.37760416666666,
  "(9, 3, 6)": 141.79557291666663,
  "(11, 3, 4)": 336.6640625000003,
  "(11, 10, 11)": 36.47395833333333,
  "(10, 11, 1)": 248.57552083333326,
  "(10, 10, 0)": 334.80859375,
  "(5, 10, 5)": 319.62890624999994,
  "(8, 8, 0)": 353.08333333333326,
  "(6, 5, 11)": 35.470052083333336,
  "(3, 3, 0)": 340.8906250000001,
  "(3, 7, 4)": 241.30989583333343,
  "(8, 3, 7)": 352.5390625000001,
  "(8, 10, 2)": 350.27343750000006,
  "(3, 5, 2)": 340.52734375,
  "(10, 3, 5)": 343.75260416666674,
  "(7, 8, 1)": 193.38020833333334,
  "(8, 7, 11)": 35.71354166666667,
  "(3, 11, 8)": 234.01302083333337,
  "(3, 2, 11)": 36.2578125,
  "(2, 3, 1)": 186.34505208333337,
  "(10, 8, 10)": 155.75520833333334,
  "(1, 3, 2)": 374.69010416666697,
  "(5, 3, 10)": 133.67317708333334,
  "(3, 8, 5)": 362.5703125,
  "(3, 10, 7)": 357.72916666666663,
  "(1, 8, 7)": 355.20572916666697,
  "(10, 9, 11)": 36.915364583333336,
  "(6, 10, 4)": 313.4375000000001,
  "(10, 6, 8)": 217.51822916666669,
  "(0, 1, 1)": 230.83072916666666,
  "(3, 4, 1)": 242.61718750000017,
  "(1, 1, 0)": 354.0390625,
  "(3, 1, 10)": 165.890625,
  "(1, 6, 5)": 299.4713541666666,
  "(6, 1, 7)": 309.1145833333334,
  "(1, 10, 9)": 264.13802083333337,
  "(8, 1, 5)": 353.97395833333337,
  "(5, 6, 1)": 264.26302083333326,
  "(1, 0, 11)": 38.046875,
  "(8, 6, 10)": 134.54947916666669,
  "(1, 11, 10)": 125.74479166666667,
  "(11, 1, 2)": 311.7916666666662,
  "(4, 3, 11)": 33.66927083333333
}